{
	"format_version": "1.8.0",
	"animations": {
		"sleeping": {
			"loop": true,
			"animation_length": 2,
			"bones": {
				"body": {
					"position": {
						"0.0": {
							"vector": [0, -2, 0]
						},
						"2.0": {
							"vector": [0, -2, 0]
						}
					}
				},
				"shell": {
					"rotation": {
						"0.0": {
							"vector": [10, 0, 0]
						},
						"1.0": {
							"vector": [15, 0, 0]
						},
						"2.0": {
							"vector": [10, 0, 0]
						}
					},
					"position": {
						"0.0": {
							"vector": [0, -1, 0]
						},
						"1.0": {
							"vector": [0, -2, 0]
						},
						"2.0": {
							"vector": [0, -1, 0]
						}
					}
				},
				"tail": {
					"rotation": {
						"0.0": {
							"vector": [-12.5, 20, 0]
						},
						"1.3333": {
							"vector": [-12.86465, -24.00823, 9.64484]
						},
						"1.5417": {
							"vector": [-12.5, 20, 0]
						},
						"1.75": {
							"vector": [-12.86465, -24.00823, 9.64484]
						},
						"2.0": {
							"vector": [-12.5, 20, 0]
						}
					}
				},
				"mainseg": {
					"rotation": {
						"0.0": {
							"vector": [14.87739, 1.93597, -7.24721]
						},
						"2.0": {
							"vector": [14.87739, 1.93597, -7.24721]
						}
					},
					"position": {
						"0.0": {
							"vector": [0, -3, 0]
						},
						"1.0": {
							"vector": [0, -4, 0]
						},
						"2.0": {
							"vector": [0, -3, 0]
						}
					}
				},
				"rearclub": {
					"rotation": {
						"0.0": {
							"vector": [2.59775, 27.38656, 5.63304]
						},
						"1.3333": {
							"vector": [2.66516, -30.06248, 3.10163]
						},
						"1.5417": {
							"vector": [2.59775, 27.38656, 5.63304]
						},
						"1.75": {
							"vector": [2.66516, -30.06248, 3.10163]
						},
						"2.0": {
							"vector": [2.59775, 27.38656, 5.63304]
						}
					}
				},
				"head": {
					"rotation": {
						"0.0": {
							"vector": [12.5, 0, 0]
						},
						"1.0": {
							"vector": [-7.5, 0, 0]
						},
						"2.0": {
							"vector": [12.5, 0, 0]
						}
					},
					"position": {
						"0.0": {
							"vector": [0, 2, -5]
						},
						"1.0": {
							"vector": [0, 2, -4]
						},
						"2.0": {
							"vector": [0, 2, -5]
						}
					}
				},
				"leg1": {
					"rotation": {
						"0.0": {
							"vector": [52.5, 0, 0]
						},
						"2.0": {
							"vector": [52.5, 0, 0]
						}
					}
				},
				"leg2": {
					"rotation": {
						"0.0": {
							"vector": [62.5, 0, 0]
						},
						"2.0": {
							"vector": [62.5, 0, 0]
						}
					}
				},
				"leg3": {
					"rotation": {
						"0.0": {
							"vector": [0, 0, 60]
						},
						"2.0": {
							"vector": [0, 0, 60]
						}
					}
				},
				"leg4": {
					"rotation": {
						"0.0": {
							"vector": [0, 0, -62.5]
						},
						"2.0": {
							"vector": [0, 0, -62.5]
						}
					}
				}
			}
		},
		"walking": {
			"loop": true,
			"animation_length": 1.5,
			"bones": {
				"body": {
					"rotation": {
						"vector": [0, 0, 0]
					},
					"position": {
						"vector": [0, 0, 0]
					},
					"scale": {
						"vector": [1, 1, 1]
					}
				},
				"shell": {
					"rotation": {
						"0.0": {
							"vector": [0, 0, 0]
						},
						"0.5": {
							"vector": [0, 0, 5]
						},
						"1.0": {
							"vector": [0, 0, -5]
						},
						"1.5": {
							"vector": [0, 0, 0]
						}
					},
					"position": {
						"vector": [0, 0, 0]
					},
					"scale": {
						"vector": [1, 1, 1]
					}
				},
				"tail": {
					"rotation": {
						"0.0": {
							"vector": [0, 0, 0]
						},
						"0.5": {
							"vector": [0, 25, 0]
						},
						"1.0": {
							"vector": [0, -16.25, 0]
						},
						"1.5": {
							"vector": [0, 0, 0]
						}
					},
					"position": {
						"0.0": {
							"vector": [0, 0, 0]
						},
						"1.5": {
							"vector": [0, 0, 0]
						}
					},
					"scale": {
						"0.0": {
							"vector": [1, 1, 1]
						},
						"1.5": {
							"vector": [1, 1, 1]
						}
					}
				},
				"rearclub": {
					"rotation": {
						"0.0": {
							"vector": [0, 0, 0]
						},
						"0.5": {
							"vector": [0, 10, 0]
						},
						"1.0": {
							"vector": [0, -10, 0]
						},
						"1.5": {
							"vector": [0, 0, 0]
						}
					},
					"position": {
						"vector": [0, 0, 0]
					}
				},
				"mainseg": {
					"rotation": {
						"0.0": {
							"vector": [0, 0, 0]
						},
						"1.5": {
							"vector": [0, 0, 0]
						}
					},
					"position": {
						"0.0": {
							"vector": [0, 0, 0]
						},
						"1.5": {
							"vector": [0, 0, 0]
						}
					},
					"scale": {
						"0.0": {
							"vector": [1, 1, 1]
						},
						"1.5": {
							"vector": [1, 1, 1]
						}
					}
				},
				"head": {
					"rotation": {
						"0.0": {
							"vector": [0, 0, 0]
						},
						"0.5": {
							"vector": [0, 5, 0]
						},
						"1.0": {
							"vector": [0, -7.5, 0]
						},
						"1.5": {
							"vector": [0, 0, 0]
						}
					},
					"position": {
						"0.0": {
							"vector": [0, 0, 0]
						},
						"1.5": {
							"vector": [0, 0, 0]
						}
					},
					"scale": {
						"0.0": {
							"vector": [1, 1, 1]
						},
						"1.5": {
							"vector": [1, 1, 1]
						}
					}
				},
				"leg2": {
					"rotation": {
						"0.0": {
							"vector": [0, 0, 0]
						},
						"0.5": {
							"vector": [15, 0, 0]
						},
						"1.0": {
							"vector": [-32.5, 0, 0]
						},
						"1.5": {
							"vector": [0, 0, 0]
						}
					},
					"position": {
						"0.0": {
							"vector": [0, 0, 0]
						},
						"0.5": {
							"vector": [0, 0, 1]
						},
						"1.0": {
							"vector": [0, 0, -3]
						},
						"1.5": {
							"vector": [0, 0, 0]
						}
					},
					"scale": {
						"0.0": {
							"vector": [1, 1, 1]
						},
						"1.5": {
							"vector": [1, 1, 1]
						}
					}
				},
				"leg1": {
					"rotation": {
						"0.0": {
							"vector": [0, 0, 0]
						},
						"0.5": {
							"vector": [-37.5, 0, 0]
						},
						"1.0": {
							"vector": [0, 0, 0]
						},
						"1.5": {
							"vector": [0, 0, 0]
						}
					},
					"position": {
						"0.0": {
							"vector": [0, 0, 0]
						},
						"0.5": {
							"vector": [0, 0, -2]
						},
						"1.0": {
							"vector": [0, 0, 1]
						},
						"1.5": {
							"vector": [0, 0, 0]
						}
					},
					"scale": {
						"0.0": {
							"vector": [1, 1, 1]
						},
						"1.5": {
							"vector": [1, 1, 1]
						}
					}
				},
				"leg3": {
					"rotation": {
						"0.0": {
							"vector": [0, 0, 0]
						},
						"0.5": {
							"vector": [-25, 0, 0]
						},
						"1.0": {
							"vector": [15, 0, 0]
						},
						"1.5": {
							"vector": [0, 0, 0]
						}
					},
					"position": {
						"0.0": {
							"vector": [0, 0, 0]
						},
						"0.5": {
							"vector": [0, 0, -2]
						},
						"1.0": {
							"vector": [0, 0, -1]
						},
						"1.5": {
							"vector": [0, 0, 0]
						}
					},
					"scale": {
						"vector": [1, 1, 1]
					}
				},
				"leg4": {
					"rotation": {
						"0.0": {
							"vector": [0, 0, 0]
						},
						"0.5": {
							"vector": [17.5, 0, 0]
						},
						"1.0": {
							"vector": [-15, 0, 0]
						},
						"1.5": {
							"vector": [0, 0, 0]
						}
					},
					"position": {
						"0.0": {
							"vector": [0, 0, 0]
						},
						"0.5": {
							"vector": [0, 0, 1]
						},
						"1.0": {
							"vector": [0, 0, -1]
						},
						"1.5": {
							"vector": [0, 0, 0]
						}
					},
					"scale": {
						"vector": [1, 1, 1]
					}
				}
			}
		},
		"idle": {
			"loop": true,
			"animation_length": 1.5,
			"bones": {
				"body": {
					"rotation": {
						"0.0": {
							"vector": [0, 0, 0]
						},
						"1.5": {
							"vector": [0, 0, 0]
						}
					},
					"position": {
						"0.0": {
							"vector": [0, 0, 0]
						},
						"1.5": {
							"vector": [0, 0, 0]
						}
					}
				},
				"shell": {
					"rotation": {
						"0.0": {
							"vector": [0, 0, 0]
						},
						"1.5": {
							"vector": [0, 0, 0]
						}
					},